Id	Title	Item URL	Price	Image URL	Sponsored	Description
1	"Banheira do descanso do banho de spa, encosto de cabe√ßa da banheira antiderrapante com ventosas para o banho de imers√£o da bolha do jacuzzi, acess√≥rio da banheira"	https://pt.aliexpress.com/item/1005001988776444.html?algo_pvid=30770b16-9889-4281-ac9f-93506da5fde0&algo_exp_id=30770b16-9889-4281-ac9f-93506da5fde0-0&pdp_ext_f=%7B%22sku_id%22%3A%2212000018327721857%22%7D&pdp_npi=2%40dis%21EUR%2124.31%2117.26%21%21%210.71%21%21%402101d91e16663612496526126e1003%2112000018327721857%21sea&curPageLogUid=OqRk55i79x8s	17,26‚Ç¨	https://ae01.alicdn.com/kf/Sa67632cb175e4671b32f4c6ce055700bs/SPA-Bath-Pillow-Tub-Non-slip-Bathtub-Headrest-with-Suction-Cups-for-Jacuzzi-Bubble-Soaking-Bath.jpg_220x220xz.jpg_.webp	Not Sponsored	"Descri√ß√£o:
1. antiderrapante, macio, confort√°vel, seguro
2. um banho √© uma obriga√ß√£o para voc√™ ter um relaxamento ap√≥s um longo tempo de trabalho cansado durante o dia! Nosso travesseiro de banho ser√° um √≥timo ajudante para o seu banheiro, √© muito macio para voc√™ confiar e ter um repouso, perfeitamente para proteger seu pesco√ßo da dor da banheira dura e fazer voc√™ anjoy seu tempo de banho livremente!
3. h√° dois ot√°rios com forte suc√ß√£o na parte de tr√°s do travesseiro, mant√™-lo firme quando voc√™ est√° deitado no travesseiro.
4. o design do sulco faz com que possa ser fixado em todos os tipos de banheiras, √© muito f√°cil de usar.
Especifica√ß√µes:
Artigo: Banho Travesseiro
Material: plut√¥nio de alta qualidade
Cor: Branco
Tamanho: 25cm * cm * 7 13cm
Pacote Inclui:
1 * banho Travesseiro


‚úîÔ∏è Sobre o transporte
Normalmente, n√≥s enviaremos o seu pacote dentro de 1-3 dias √∫teis.
N√≥s podemos mudar o m√©todo de envio: Considerar dos costumes, o endere√ßo remoto e velocidade de navega√ß√£o.

‚úîÔ∏èSobre O Feedback
Seu incentivo √© muito importante para n√≥s e seu feedback positivo ser√° muito apreciada.
Sinta-se livre para entrar em contato conosco se voc√™ tem qualquer insatisfeito com nossos artigos, vamos tentar o nosso melhor para resolver o problema.

‚úîÔ∏èO Imposto da alf√¢ndega
Mesmo que n√≥s oferecemos o transporte gratuito para a maioria dos pa√≠ses, mas n√≥s n√£o cobrem qualquer imposto e dever! Os compradores s√£o respons√°veis para o Dever/Imposto"
2	"Spa elegante da piscina dos jacuzziers com sistema de controlo de balboa BG-8891"	https://pt.aliexpress.com/item/1005004349881001.html?algo_pvid=30770b16-9889-4281-ac9f-93506da5fde0&algo_exp_id=30770b16-9889-4281-ac9f-93506da5fde0-1&pdp_ext_f=%7B%22sku_id%22%3A%2212000028857026638%22%7D&pdp_npi=2%40dis%21EUR%215153.89%215153.89%21%21%219297.9%21%21%402101d91e16663612496526126e1003%2112000028857026638%21sea&curPageLogUid=l3bd8kKtPki1	5.153,89‚Ç¨	https://ae01.alicdn.com/kf/S6d3066e910724d41964955b47615852fi/Fashionable-Jacuzziers-Swimming-Pool-Spa-with-Balboa-Controlling-System-BG-8891.png_220x220xz.png_.webp	Not Sponsored	"Ponto de venda:
Aten√ß√£o Pls

Este item ser√° enviado para o seu porto por mar e ent√£o voc√™ precisa busc√°-lo e fazer o afastamento. E o frete do mar muda a cada semana, ent√£o por favor verifique com a gente antes de encomendar.
O prazo de execu√ß√£o da produ√ß√£o em torno de 30 dias a partir do dia em que seu pagamento foi confirmado pelo sistema e pelo tempo de envio appro. 25 40 40 dias.
Por favor, certifique-se de que voc√™ pode aceitar isso antes de fazer um pedido.
Vis√£o geral
Tamanho: 2000x1700x960mm
Hidroterapia, jactos de massagem grandes para relex
Banheira de hidromassagem banheira de hidromassagem para relaxar




FAQ
Q1. Que √© seus termos de embalagem?
A: 1. filme cobrir a superf√≠cie das piscinas e banheira;
2. epe embrulhe piscinas e banheira;
3. espuma proteger o quadro de piscinas e banheira;
4. caso de madeira proteger fortemente.

Q2. Quais s√£o seus termos de pagamento?Banheira de hidromassagem piscina
A: t/t 30% como dep√≥sito, e 70% antes da entrega. Vamos mostrar-lhe as fotos dos produtos e pacotes antes de pagar o saldo.Banheira de hidromassagem piscina
Q3. Como sobre seu prazo de entrega?Nata√ß√£o spa piscina bathtu
R: geralmente, levar√° 30 dias ap√≥s ter recebido seu pagamento antecipado. O tempo de entrega espec√≠fico depende dos itens e da quantidade do seu pedido.

Q4. Voc√™ pode produzir de acordo com as amostras?
R: sim, n√≥s podemos produzir por suas amostras ou desenhos t√©cnicos. N√≥s podemos construir os moldes e dispositivos el√©tricos.

Q5. Que √© sua pol√≠tica da amostra?Banheira de hidromassagem piscina
A: n√≥s podemos fornecer amostras se n√≥s temos as pe√ßas prontas no estoque, mas os clientes t√™m que pagar o custo da amostra e o custo do frete.Banheira de hidromassagem piscina

Q6. Voc√™ testa todos os seus bens antes da entrega?
R: sim, n√≥s executamos o teste 100% antes da entrega.Banheira de hidromassagem piscina

Q7: como voc√™ faz nosso relacionamento de longo prazo e bom do neg√≥cio?
UM: 1. N√≥s mantemos a boa qualidade e pre√ßo competitivo para garantir o benef√≠cio de nossos clientes;
2. n√≥s respeitamos cada cliente como nosso amigo e n√≥s sinceramente fazemos neg√≥cios e fazemos amigos com eles, n√£o importa de onde eles v√™m."
3	"Universal banheira de hidromassagem capa de poeira √† prova djacuzzi √°gua jacuzzi uv prova all-weather spa capa protetor hotspring neve chuva poeira cobre"	https://pt.aliexpress.com/item/1005002228574861.html?algo_pvid=30770b16-9889-4281-ac9f-93506da5fde0&algo_exp_id=30770b16-9889-4281-ac9f-93506da5fde0-2&pdp_ext_f=%7B%22sku_id%22%3A%2212000019437193798%22%7D&pdp_npi=2%40dis%21EUR%2146.88%2137.5%21%21%2112.4%21%21%402101d91e16663612496526126e1003%2112000019437193798%21sea&curPageLogUid=F20lvV1MNTJI	37,5‚Ç¨	https://ae01.alicdn.com/kf/Hce8946b5dd3c4b8db70fdf9f6aa6f859W/Universal-Hot-Tub-Dust-Cover-Cap-Waterproof-Jacuzzi-UV-Proof-All-Weather-Spa-Cover-Cap-Protector.jpg_220x220xz.jpg_.webp	Not Sponsored	"Especifica√ß√µes:
Cor: exterior: preto; interior: prata
Material: Polietileno
Forma: Quadrado
Tamanho:
200 √ó 200 √ó 85cm (6.6 √ó 6.6 √ó 2.8ft)
220 √ó 220 √ó 85cm (7.2 √ó 7.2 √ó 2.8ft)
240 √ó 240 √ó 85cm (7.9 √ó 7.9 √ó 2.8ft)

Caracter√≠stica
-Dur√°vel, anticorrosivo, anti-uv, √† prova de poeira, resistente ao calor e resistente ao frio.
-A temperatura m√≠nima do uso pode at√©-70 ¬∞c 100 ¬∞c.
-Excelente isolamento el√©trico e selabilidade t√©rmica.
-Adequado para banheira de hidromassagem e m√≥veis de spa tamb√©m.
-Vem com rolhas da mola.
-Port√°til.

O pacote inclui:
1 x capa de banheira de hidromassagem

Aviso:
1. permita um erro de 1-5mm devido √† medi√ß√£o manual. Certifique-se de que n√£o se importa antes de fazer uma oferta.
2. as cores podem ter diferentes como a diferen√ßa de exibi√ß√£o, por favor, entenda."
4	"Descanso de banho antiderrapante spa com ventosas banheira de banho pesco√ßo apoio encosto de cabe√ßa almofadas engrossado almofada de casa accersory jacuzzi"	https://pt.aliexpress.com/item/4000344022164.html?algo_pvid=30770b16-9889-4281-ac9f-93506da5fde0&algo_exp_id=30770b16-9889-4281-ac9f-93506da5fde0-3&pdp_ext_f=%7B%22sku_id%22%3A%2210000001417902371%22%7D&pdp_npi=2%40dis%21EUR%2135.14%2111.28%21%21%21%21%21%402101d91e16663612496526126e1003%2110000001417902371%21sea&curPageLogUid=MdvU8H9jf93i	11,28‚Ç¨	https://ae01.alicdn.com/kf/H83bf2cddedb74e93b7474f62254fccc2r/SPA-Non-Slip-Bath-Pillow-with-Suction-Cups-Bath-Tub-Neck-Back-Support-Headrest-Pillows-Thickened.jpg_220x220xz.jpg_.webp	Not Sponsored	"72303
Hot selling
  Descri√ß√£o:
Cor:Branco
Descanso do banho da malha: 37*34*10cm/14.57*13.39 * 3.94in
Almofada de banho de esponja: 39*31*4.5cm/15.35*12.20 * 1.77in
WOito: 400-460g
MAterial: malha/esponja
Quantidade do pacote: 1pc

Caracter√≠sticas:
Grande Presente
Este travesseiro de banheira pode dar aos seus entes queridos puro relaxamento. D√™ o travesseiro de banho mais confort√°vel em cada ocasi√£o por exemplo anivers√°rio, dia das m√£es, inaugura√ß√£o ou casamento etc.
Material anti-bacteriano da malha
Nosso material anti-bacteriano da malha permite a permeabilidade da √°gua e do ar. Isto permite uma secagem r√°pida, resistente ao molde.
N√£o-slip Mat
A esteira do banho √© antiderrapante, cria um selo seguro a qualquer superf√≠cie do banho assim que n√£o h√° nenhuma chance do descanso escorregar durante sua experi√™ncia do banho. O travesseiro do pesco√ßo cabe em cada banheira.
Desfrutar de UM Banho Relaxante
O rolo do pesco√ßo do refor√ßo atua como um ber√ßo para seu pesco√ßo e ombros permitindo que voc√™ um banho relaxante saud√°vel. O travesseiro √© feito com fibra ao ar livre que lhe d√° a higiene ideal com ventila√ß√£o pura permitindo que o ar e a umidade fluam livremente.
Projeto humanizado
Ele se encaixa ergonomicamente qualquer banho e fornecer a quantidade m√°xima de conforto poss√≠vel, nosso material altamente dur√°vel √© secagem r√°pida, odor resistente e antibacteriano assim que este descanso de spa permite que voc√™ relaxe durante toda a sua experi√™ncia de banho."
5	"Acess√≥rios para banheira com jato de spa, 6 unidades de superf√≠cie para banheira com jato, 1 unidade de suc√ß√µes de √°gua, 6 unidades de n√∫cleo para jato de spa"	https://pt.aliexpress.com/item/4001121645883.html?algo_pvid=30770b16-9889-4281-ac9f-93506da5fde0&aem_p4p_detail=2022102107072912616550922430350000202909&algo_exp_id=30770b16-9889-4281-ac9f-93506da5fde0-4&pdp_ext_f=%7B%22sku_id%22%3A%2210000014550482223%22%7D&pdp_npi=2%40dis%21EUR%2185.33%2185.33%21%21%21%21%21%402101d91e16663612496526126e1003%2110000014550482223%21sea&curPageLogUid=Q07hYwTTVe7x&ad_pvid=2022102107072912616550922430350000202909_1	85,33‚Ç¨	https://ae01.alicdn.com/kf/Ha6d00f9fa158461790a21f013a7e2800n/Spa-bathtub-accessories-6pcs-spa-jet-table-surface-1pcs-water-suctions-surface-6pcs-spa-jet-core.jpg_220x220xz.jpg_.webp	Sponsored	"Superf√≠cie de mesa de jato de spa de 6 unidades,
Superf√≠cie de suc√ß√£o de √°gua de 1pcs,
6pcs n√∫cleo de jato de spa"
6	"Travesseiro de banho para spa, suporte de cabe√ßa, pesco√ßo, ombro, costas, almofada, descanso com 6 antiderrapante, forte suc√ß√£o, para banheira, hidromassagem"	https://pt.aliexpress.com/item/1005001863635134.html?algo_pvid=30770b16-9889-4281-ac9f-93506da5fde0&algo_exp_id=30770b16-9889-4281-ac9f-93506da5fde0-5&pdp_ext_f=%7B%22sku_id%22%3A%2212000017905898127%22%7D&pdp_npi=2%40dis%21EUR%2152.39%2123.58%21%21%21%21%21%402101d91e16663612496526126e1003%2112000017905898127%21sea&curPageLogUid=nTKOGrVKFB8c	23,58‚Ç¨	https://ae01.alicdn.com/kf/H7472a9260a5f49f1a0d5149e5091b20bW/Bath-Pillow-Spa-Bathtub-Cushion-Head-Neck-Shoulder-Back-Support-Rest-With-6-Non-Slip-Strong.jpg_220x220xz.jpg_.webp	Not Sponsored	"üõÄ„ÄêSe encaixa em qualquer tub„Äë: olhe! a flexibilidade do travesseiro de banho √© adapt√°vel a qualquer formato de banheira ou jacuzzi. perfeito para enquanto voc√™ est√° imerso em um banho de espuma, jacuzzi, spa dom√©stico e enviado como um √≥timo presente para seus entes queridos!
üõÄ„Äê N√£o escorrega„Äë: existem 4 ventosas extra grandes e fortes que se mant√™m firmemente fixadas na superf√≠cie da sua banheira. seque a superf√≠cie da banheira antes de colocar o travesseiro. em seguida, molhe as ventosas e, ao fazer press√£o com os polegares em cada ventosa para garantir que funcionem melhor! com esta almofada de banheira, Voc√™ aproveitaria o tempo de banho ao m√°ximo! at√© adormeceria!
üõÄ„ÄêCuidado„Äë: as almofadas de banho para banheira s√£o feitas de tecnologia de malha de ar 3d exclusiva, permite que a √°gua e o ar penetram facilmente para secagem r√°pida, F√°cil de limpar e mais macio, respir√°vel e confort√°vel! esta almofada de banho macia inclui um gancho que pode ser usado para pendurar a almofada de banho em um toalheiro ou gancho de roup√£o de banho em seu banheiro ou chuveiro para secar de forma r√°pida e f√°cil! sempre seque ao ar, n√£o passe a ferro.
üõÄ„ÄêConfort√°vel luxuo„Äë: Descanse sua cabe√ßa e relaxe seu pesco√ßo dolorido na almofada de banho premium macia e macia para maior conforto e relaxamento. a almofada ber√ßa ao redor da cabe√ßa, pesco√ßo, ombros e costas. a almofada de banheira de malha 3d respir√°vel com 4 ventosas fortes, apoiar√£o perfeitamente a sua cabe√ßa, pesco√ßo, ombro e costas. uau, voc√™ pode imaginar isso?-leia um livro, desfrute de uma boa x√≠cara de vinho, banho de bolhas ou simplesmente incline-se na almofada da banheira e o m√°ximo relaxamento!
üõÄ„ÄêPresente perfeito„Äë: quer fazer uma surpresa? voc√™ decidiu um presente para seus amigos e familiares? a almofada de banho proporcionaria aos seus amigos e familiares um verdadeiro relaxamento em qualquer ocasi√£o. a almofada de banho foi projetada e constru√≠da para durar e temos certeza de que voc√™ vai adorar."
7	"Almofada de banho, almofada macia dos termas da banheira, resistente ao deslizamento, ajuda a apoiar a cabe√ßa, costas, ombro e pesco√ßo para banheira de hidromassagem e jacuzzi"	https://pt.aliexpress.com/item/1005003768010840.html?algo_pvid=30770b16-9889-4281-ac9f-93506da5fde0&algo_exp_id=30770b16-9889-4281-ac9f-93506da5fde0-6&pdp_ext_f=%7B%22sku_id%22%3A%2212000027098853160%22%7D&pdp_npi=2%40dis%21EUR%2150.56%2135.38%21%21%211.73%21%21%402101d91e16663612496526126e1003%2112000027098853160%21sea&curPageLogUid=43Y4UmUmms9y	35,38‚Ç¨	https://ae01.alicdn.com/kf/Hada046c4e7ce4f14abc23a20035f671ed/Bath-Pillow-Bathtub-Soft-Spa-Pillow-Slip-Resistant-Helps-Support-Head-Back-Shoulder-and-Neck-for.jpg_220x220xz.jpg_.webp	Not Sponsored	Description not available
8	"Banheiras de hidromassagem infl√°veis port√°til spa china atacado 6 pessoa banheira de hidromassagem de luxo spa gonfiabile jaccuzzi ao ar livre aufblasares spa"	https://pt.aliexpress.com/item/1005004654697498.html?algo_pvid=30770b16-9889-4281-ac9f-93506da5fde0&algo_exp_id=30770b16-9889-4281-ac9f-93506da5fde0-7&pdp_ext_f=%7B%22sku_id%22%3A%2212000029994902420%22%7D&pdp_npi=2%40dis%21EUR%21514.23%21514.23%21%21%21847.89%21%21%402101d91e16663612496526126e1003%2112000029994902420%21sea&curPageLogUid=UrOals9dZOBz	514,23‚Ç¨	https://ae01.alicdn.com/kf/S8ef0ac9ac48f47ae81205c347c2aa71e7/inflatable-hot-tubs-portable-spa-China-Wholesale-6-Person-Luxury-Hot-Tub-spa-gonfiabile-Outdoor-Jaccuzzi.jpg_220x220xz.jpg_.webp	Not Sponsored	Description not available
9	"Banheira infl√°vel spa fam√≠lia port√°til redonda banheira de hidromassagem piscina"	https://pt.aliexpress.com/item/1005004331541850.html?algo_pvid=30770b16-9889-4281-ac9f-93506da5fde0&algo_exp_id=30770b16-9889-4281-ac9f-93506da5fde0-8&pdp_ext_f=%7B%22sku_id%22%3A%2212000028786847584%22%7D&pdp_npi=2%40dis%21EUR%21915.62%21915.62%21%21%21196.71%21%21%402101d91e16663612496526126e1003%2112000028786847584%21sea&curPageLogUid=lzw97RvvdSQ1	915,62‚Ç¨	https://ae01.alicdn.com/kf/S621203a36bd64ca497fe0a69435be1c5u/Inflatable-bathtub-spa-family-portable-round-hot-tub-swimming-pool.jpg_220x220xz.jpg_.webp	Not Sponsored	Description not available
10	"Tubo para banheira, jato de cromado, para massagem, spa, 8mm, soprador de ar, 60-05"	https://pt.aliexpress.com/item/33046121133.html?algo_pvid=30770b16-9889-4281-ac9f-93506da5fde0&aem_p4p_detail=2022102107072912616550922430350000202909&algo_exp_id=30770b16-9889-4281-ac9f-93506da5fde0-9&pdp_ext_f=%7B%22sku_id%22%3A%2267365155190%22%7D&pdp_npi=2%40dis%21EUR%219.6%218.26%21%21%21%21%21%402101d91e16663612496526126e1003%2167365155190%21sea&curPageLogUid=vzqYvd3nY6Br&ad_pvid=2022102107072912616550922430350000202909_2	8,26‚Ç¨	https://ae01.alicdn.com/kf/Hee4b3c02e3dd4e0fa385d1d46375eda8u/Massage-bathtub-spa-Air-bubble-8mm-Pipe-interfac-jet-with-Chrome-plating-air-blower-nozzle-60.jpg_220x220xz.jpg_.webp	Sponsored	"Descri√ß√£o:
Recurso de jato de ar 60-05:

1) material do corpo: pvc branco
2) material de cobertura: abs com revestimento de cromo
3) conex√£o de ar: 8mm
4)68.5mm de comprimento

O estoque √© muito grande, entre em contato comigo para modificar a quantidade."
